arc_id,x_var,y_var,fixed_cost
a0001,flow_a0001,open_a0001,4.0
a0002,flow_a0002,open_a0002,4.0
a0003,flow_a0003,open_a0003,2.0
a0004,flow_a0004,open_a0004,2.0
a0005,flow_a0005,open_a0005,8.0
a0006,flow_a0006,open_a0006,8.0
a0007,flow_a0007,open_a0007,10.0
a0008,flow_a0008,open_a0008,10.0
a0009,flow_a0009,open_a0009,5.0
a0010,flow_a0010,open_a0010,5.0
a0011,flow_a0011,open_a0011,3.0
a0012,flow_a0012,open_a0012,3.0
a0013,flow_a0013,open_a0013,5.0
a0014,flow_a0014,open_a0014,5.0
a0015,flow_a0015,open_a0015,8.0
a0016,flow_a0016,open_a0016,8.0
a0017,flow_a0017,open_a0017,3.0
a0018,flow_a0018,open_a0018,3.0
a0019,flow_a0019,open_a0019,10.0
a0020,flow_a0020,open_a0020,10.0
a0021,flow_a0021,open_a0021,5.0
a0022,flow_a0022,open_a0022,5.0
a0023,flow_a0023,open_a0023,9.0
a0024,flow_a0024,open_a0024,9.0
a0025,flow_a0025,open_a0025,6.0
a0026,flow_a0026,open_a0026,6.0
a0027,flow_a0027,open_a0027,6.0
a0028,flow_a0028,open_a0028,6.0
a0029,flow_a0029,open_a0029,4.0
a0030,flow_a0030,open_a0030,4.0
a0031,flow_a0031,open_a0031,3.0
a0032,flow_a0032,open_a0032,3.0
a0033,flow_a0033,open_a0033,8.0
a0034,flow_a0034,open_a0034,8.0
a0035,flow_a0035,open_a0035,9.0
a0036,flow_a0036,open_a0036,9.0
a0037,flow_a0037,open_a0037,7.0
a0038,flow_a0038,open_a0038,7.0
a0039,flow_a0039,open_a0039,9.0
a0040,flow_a0040,open_a0040,9.0
a0041,flow_a0041,open_a0041,2.0
a0042,flow_a0042,open_a0042,2.0
a0043,flow_a0043,open_a0043,4.0
a0044,flow_a0044,open_a0044,4.0
a0045,flow_a0045,open_a0045,6.0
a0046,flow_a0046,open_a0046,6.0
a0047,flow_a0047,open_a0047,9.0
a0048,flow_a0048,open_a0048,9.0
a0049,flow_a0049,open_a0049,3.0
a0050,flow_a0050,open_a0050,3.0
a0051,flow_a0051,open_a0051,8.0
a0052,flow_a0052,open_a0052,8.0
a0053,flow_a0053,open_a0053,2.0
a0054,flow_a0054,open_a0054,2.0
a0055,flow_a0055,open_a0055,8.0
a0056,flow_a0056,open_a0056,8.0
a0057,flow_a0057,open_a0057,3.0
a0058,flow_a0058,open_a0058,3.0
a0059,flow_a0059,open_a0059,5.0
a0060,flow_a0060,open_a0060,5.0
a0061,flow_a0061,open_a0061,9.0
a0062,flow_a0062,open_a0062,9.0
a0063,flow_a0063,open_a0063,5.0
a0064,flow_a0064,open_a0064,5.0
a0065,flow_a0065,open_a0065,7.0
a0066,flow_a0066,open_a0066,7.0
a0067,flow_a0067,open_a0067,6.0
a0068,flow_a0068,open_a0068,6.0
a0069,flow_a0069,open_a0069,2.0
a0070,flow_a0070,open_a0070,2.0
a0071,flow_a0071,open_a0071,9.0
a0072,flow_a0072,open_a0072,9.0
a0073,flow_a0073,open_a0073,6.0
a0074,flow_a0074,open_a0074,6.0
a0075,flow_a0075,open_a0075,2.0
a0076,flow_a0076,open_a0076,2.0
a0077,flow_a0077,open_a0077,3.0
a0078,flow_a0078,open_a0078,3.0
a0079,flow_a0079,open_a0079,6.0
a0080,flow_a0080,open_a0080,6.0
a0081,flow_a0081,open_a0081,4.0
a0082,flow_a0082,open_a0082,4.0
a0083,flow_a0083,open_a0083,5.0
a0084,flow_a0084,open_a0084,5.0
a0085,flow_a0085,open_a0085,9.0
a0086,flow_a0086,open_a0086,9.0
a0087,flow_a0087,open_a0087,8.0
a0088,flow_a0088,open_a0088,8.0
a0089,flow_a0089,open_a0089,10.0
a0090,flow_a0090,open_a0090,10.0
a0091,flow_a0091,open_a0091,3.0
a0092,flow_a0092,open_a0092,3.0
a0093,flow_a0093,open_a0093,1.0
a0094,flow_a0094,open_a0094,1.0
a0095,flow_a0095,open_a0095,3.0
a0096,flow_a0096,open_a0096,3.0
a0097,flow_a0097,open_a0097,10.0
a0098,flow_a0098,open_a0098,10.0
a0099,flow_a0099,open_a0099,7.0
a0100,flow_a0100,open_a0100,7.0
a0101,flow_a0101,open_a0101,2.0
a0102,flow_a0102,open_a0102,2.0
a0103,flow_a0103,open_a0103,9.0
a0104,flow_a0104,open_a0104,9.0
a0105,flow_a0105,open_a0105,5.0
a0106,flow_a0106,open_a0106,5.0
a0107,flow_a0107,open_a0107,9.0
a0108,flow_a0108,open_a0108,9.0
a0109,flow_a0109,open_a0109,4.0
a0110,flow_a0110,open_a0110,4.0
a0111,flow_a0111,open_a0111,4.0
a0112,flow_a0112,open_a0112,4.0
a0113,flow_a0113,open_a0113,5.0
a0114,flow_a0114,open_a0114,5.0
a0115,flow_a0115,open_a0115,2.0
a0116,flow_a0116,open_a0116,2.0
a0117,flow_a0117,open_a0117,2.0
a0118,flow_a0118,open_a0118,2.0
a0119,flow_a0119,open_a0119,3.0
a0120,flow_a0120,open_a0120,3.0
a0121,flow_a0121,open_a0121,7.0
a0122,flow_a0122,open_a0122,7.0
a0123,flow_a0123,open_a0123,8.0
a0124,flow_a0124,open_a0124,8.0
a0125,flow_a0125,open_a0125,1.0
a0126,flow_a0126,open_a0126,1.0
a0127,flow_a0127,open_a0127,4.0
a0128,flow_a0128,open_a0128,4.0
a0129,flow_a0129,open_a0129,7.0
a0130,flow_a0130,open_a0130,7.0
a0131,flow_a0131,open_a0131,3.0
a0132,flow_a0132,open_a0132,3.0
a0133,flow_a0133,open_a0133,9.0
a0134,flow_a0134,open_a0134,9.0
a0135,flow_a0135,open_a0135,8.0
a0136,flow_a0136,open_a0136,8.0
a0137,flow_a0137,open_a0137,10.0
a0138,flow_a0138,open_a0138,10.0
a0139,flow_a0139,open_a0139,9.0
a0140,flow_a0140,open_a0140,9.0
a0141,flow_a0141,open_a0141,2.0
a0142,flow_a0142,open_a0142,2.0
a0143,flow_a0143,open_a0143,4.0
a0144,flow_a0144,open_a0144,4.0
a0145,flow_a0145,open_a0145,5.0
a0146,flow_a0146,open_a0146,5.0
a0147,flow_a0147,open_a0147,10.0
a0148,flow_a0148,open_a0148,10.0
a0149,flow_a0149,open_a0149,1.0
a0150,flow_a0150,open_a0150,1.0
a0151,flow_a0151,open_a0151,1.0
a0152,flow_a0152,open_a0152,1.0
a0153,flow_a0153,open_a0153,8.0
a0154,flow_a0154,open_a0154,8.0
a0155,flow_a0155,open_a0155,2.0
a0156,flow_a0156,open_a0156,2.0
a0157,flow_a0157,open_a0157,4.0
a0158,flow_a0158,open_a0158,4.0
a0159,flow_a0159,open_a0159,1.0
a0160,flow_a0160,open_a0160,1.0
a0161,flow_a0161,open_a0161,1.0
a0162,flow_a0162,open_a0162,1.0
a0163,flow_a0163,open_a0163,9.0
a0164,flow_a0164,open_a0164,9.0
a0165,flow_a0165,open_a0165,2.0
a0166,flow_a0166,open_a0166,2.0
a0167,flow_a0167,open_a0167,4.0
a0168,flow_a0168,open_a0168,4.0
a0169,flow_a0169,open_a0169,4.0
a0170,flow_a0170,open_a0170,4.0
a0171,flow_a0171,open_a0171,3.0
a0172,flow_a0172,open_a0172,3.0
a0173,flow_a0173,open_a0173,10.0
a0174,flow_a0174,open_a0174,10.0
a0175,flow_a0175,open_a0175,3.0
a0176,flow_a0176,open_a0176,3.0
a0177,flow_a0177,open_a0177,8.0
a0178,flow_a0178,open_a0178,8.0
a0179,flow_a0179,open_a0179,10.0
a0180,flow_a0180,open_a0180,10.0
a0181,flow_a0181,open_a0181,7.0
a0182,flow_a0182,open_a0182,7.0
a0183,flow_a0183,open_a0183,8.0
a0184,flow_a0184,open_a0184,8.0
a0185,flow_a0185,open_a0185,8.0
a0186,flow_a0186,open_a0186,8.0
a0187,flow_a0187,open_a0187,2.0
a0188,flow_a0188,open_a0188,2.0
a0189,flow_a0189,open_a0189,2.0
a0190,flow_a0190,open_a0190,2.0
a0191,flow_a0191,open_a0191,9.0
a0192,flow_a0192,open_a0192,9.0
a0193,flow_a0193,open_a0193,4.0
a0194,flow_a0194,open_a0194,4.0
a0195,flow_a0195,open_a0195,2.0
a0196,flow_a0196,open_a0196,2.0
a0197,flow_a0197,open_a0197,10.0
a0198,flow_a0198,open_a0198,10.0
a0199,flow_a0199,open_a0199,8.0
a0200,flow_a0200,open_a0200,8.0
a0201,flow_a0201,open_a0201,6.0
a0202,flow_a0202,open_a0202,6.0
a0203,flow_a0203,open_a0203,2.0
a0204,flow_a0204,open_a0204,2.0
a0205,flow_a0205,open_a0205,1.0
a0206,flow_a0206,open_a0206,1.0
a0207,flow_a0207,open_a0207,3.0
a0208,flow_a0208,open_a0208,3.0
a0209,flow_a0209,open_a0209,6.0
a0210,flow_a0210,open_a0210,6.0
a0211,flow_a0211,open_a0211,3.0
a0212,flow_a0212,open_a0212,3.0
a0213,flow_a0213,open_a0213,2.0
a0214,flow_a0214,open_a0214,2.0
a0215,flow_a0215,open_a0215,5.0
a0216,flow_a0216,open_a0216,5.0
a0217,flow_a0217,open_a0217,1.0
a0218,flow_a0218,open_a0218,1.0
a0219,flow_a0219,open_a0219,6.0
a0220,flow_a0220,open_a0220,6.0
a0221,flow_a0221,open_a0221,5.0
a0222,flow_a0222,open_a0222,5.0
a0223,flow_a0223,open_a0223,6.0
a0224,flow_a0224,open_a0224,6.0
a0225,flow_a0225,open_a0225,9.0
a0226,flow_a0226,open_a0226,9.0
a0227,flow_a0227,open_a0227,4.0
a0228,flow_a0228,open_a0228,4.0
a0229,flow_a0229,open_a0229,7.0
a0230,flow_a0230,open_a0230,7.0
a0231,flow_a0231,open_a0231,1.0
a0232,flow_a0232,open_a0232,1.0
a0233,flow_a0233,open_a0233,4.0
a0234,flow_a0234,open_a0234,4.0
a0235,flow_a0235,open_a0235,7.0
a0236,flow_a0236,open_a0236,7.0
a0237,flow_a0237,open_a0237,6.0
a0238,flow_a0238,open_a0238,6.0
a0239,flow_a0239,open_a0239,9.0
a0240,flow_a0240,open_a0240,9.0
a0241,flow_a0241,open_a0241,5.0
a0242,flow_a0242,open_a0242,5.0
a0243,flow_a0243,open_a0243,4.0
a0244,flow_a0244,open_a0244,4.0
a0245,flow_a0245,open_a0245,3.0
a0246,flow_a0246,open_a0246,3.0
a0247,flow_a0247,open_a0247,9.0
a0248,flow_a0248,open_a0248,9.0
a0249,flow_a0249,open_a0249,5.0
a0250,flow_a0250,open_a0250,5.0
a0251,flow_a0251,open_a0251,8.0
a0252,flow_a0252,open_a0252,8.0
a0253,flow_a0253,open_a0253,9.0
a0254,flow_a0254,open_a0254,9.0
a0255,flow_a0255,open_a0255,4.0
a0256,flow_a0256,open_a0256,4.0
a0257,flow_a0257,open_a0257,1.0
a0258,flow_a0258,open_a0258,1.0
a0259,flow_a0259,open_a0259,2.0
a0260,flow_a0260,open_a0260,2.0
a0261,flow_a0261,open_a0261,6.0
a0262,flow_a0262,open_a0262,6.0
a0263,flow_a0263,open_a0263,3.0
a0264,flow_a0264,open_a0264,3.0
a0265,flow_a0265,open_a0265,3.0
a0266,flow_a0266,open_a0266,3.0
a0267,flow_a0267,open_a0267,8.0
a0268,flow_a0268,open_a0268,8.0
a0269,flow_a0269,open_a0269,2.0
a0270,flow_a0270,open_a0270,2.0
a0271,flow_a0271,open_a0271,6.0
a0272,flow_a0272,open_a0272,6.0
a0273,flow_a0273,open_a0273,3.0
a0274,flow_a0274,open_a0274,3.0
a0275,flow_a0275,open_a0275,8.0
a0276,flow_a0276,open_a0276,8.0
a0277,flow_a0277,open_a0277,7.0
a0278,flow_a0278,open_a0278,7.0
a0279,flow_a0279,open_a0279,9.0
a0280,flow_a0280,open_a0280,9.0
a0281,flow_a0281,open_a0281,3.0
a0282,flow_a0282,open_a0282,3.0
a0283,flow_a0283,open_a0283,3.0
a0284,flow_a0284,open_a0284,3.0
a0285,flow_a0285,open_a0285,1.0
a0286,flow_a0286,open_a0286,1.0
a0287,flow_a0287,open_a0287,4.0
a0288,flow_a0288,open_a0288,4.0
a0289,flow_a0289,open_a0289,9.0
a0290,flow_a0290,open_a0290,9.0
a0291,flow_a0291,open_a0291,8.0
a0292,flow_a0292,open_a0292,8.0
a0293,flow_a0293,open_a0293,8.0
a0294,flow_a0294,open_a0294,8.0
a0295,flow_a0295,open_a0295,4.0
a0296,flow_a0296,open_a0296,4.0
a0297,flow_a0297,open_a0297,6.0
a0298,flow_a0298,open_a0298,6.0
a0299,flow_a0299,open_a0299,6.0
a0300,flow_a0300,open_a0300,6.0
a0301,flow_a0301,open_a0301,8.0
a0302,flow_a0302,open_a0302,8.0
a0303,flow_a0303,open_a0303,9.0
a0304,flow_a0304,open_a0304,9.0
a0305,flow_a0305,open_a0305,6.0
a0306,flow_a0306,open_a0306,6.0
a0307,flow_a0307,open_a0307,10.0
a0308,flow_a0308,open_a0308,10.0
a0309,flow_a0309,open_a0309,3.0
a0310,flow_a0310,open_a0310,3.0
a0311,flow_a0311,open_a0311,5.0
a0312,flow_a0312,open_a0312,5.0
a0313,flow_a0313,open_a0313,2.0
a0314,flow_a0314,open_a0314,2.0
a0315,flow_a0315,open_a0315,4.0
a0316,flow_a0316,open_a0316,4.0
a0317,flow_a0317,open_a0317,9.0
a0318,flow_a0318,open_a0318,9.0
a0319,flow_a0319,open_a0319,7.0
a0320,flow_a0320,open_a0320,7.0
a0321,flow_a0321,open_a0321,9.0
a0322,flow_a0322,open_a0322,9.0
a0323,flow_a0323,open_a0323,6.0
a0324,flow_a0324,open_a0324,6.0
a0325,flow_a0325,open_a0325,8.0
a0326,flow_a0326,open_a0326,8.0
a0327,flow_a0327,open_a0327,2.0
a0328,flow_a0328,open_a0328,2.0
a0329,flow_a0329,open_a0329,6.0
a0330,flow_a0330,open_a0330,6.0
a0331,flow_a0331,open_a0331,10.0
a0332,flow_a0332,open_a0332,10.0
a0333,flow_a0333,open_a0333,2.0
a0334,flow_a0334,open_a0334,2.0
a0335,flow_a0335,open_a0335,10.0
a0336,flow_a0336,open_a0336,10.0
a0337,flow_a0337,open_a0337,6.0
a0338,flow_a0338,open_a0338,6.0
a0339,flow_a0339,open_a0339,8.0
a0340,flow_a0340,open_a0340,8.0
a0341,flow_a0341,open_a0341,6.0
a0342,flow_a0342,open_a0342,6.0
a0343,flow_a0343,open_a0343,9.0
a0344,flow_a0344,open_a0344,9.0
a0345,flow_a0345,open_a0345,2.0
a0346,flow_a0346,open_a0346,2.0
a0347,flow_a0347,open_a0347,2.0
a0348,flow_a0348,open_a0348,2.0
a0349,flow_a0349,open_a0349,4.0
a0350,flow_a0350,open_a0350,4.0
a0351,flow_a0351,open_a0351,10.0
a0352,flow_a0352,open_a0352,10.0
a0353,flow_a0353,open_a0353,3.0
a0354,flow_a0354,open_a0354,3.0
a0355,flow_a0355,open_a0355,9.0
a0356,flow_a0356,open_a0356,9.0
a0357,flow_a0357,open_a0357,2.0
a0358,flow_a0358,open_a0358,2.0
a0359,flow_a0359,open_a0359,2.0
a0360,flow_a0360,open_a0360,2.0
a0361,flow_a0361,open_a0361,9.0
a0362,flow_a0362,open_a0362,9.0
a0363,flow_a0363,open_a0363,8.0
a0364,flow_a0364,open_a0364,8.0
a0365,flow_a0365,open_a0365,2.0
a0366,flow_a0366,open_a0366,2.0
a0367,flow_a0367,open_a0367,8.0
a0368,flow_a0368,open_a0368,8.0
a0369,flow_a0369,open_a0369,7.0
a0370,flow_a0370,open_a0370,7.0
a0371,flow_a0371,open_a0371,1.0
a0372,flow_a0372,open_a0372,1.0
a0373,flow_a0373,open_a0373,9.0
a0374,flow_a0374,open_a0374,9.0
a0375,flow_a0375,open_a0375,8.0
a0376,flow_a0376,open_a0376,8.0
a0377,flow_a0377,open_a0377,4.0
a0378,flow_a0378,open_a0378,4.0
a0379,flow_a0379,open_a0379,7.0
a0380,flow_a0380,open_a0380,7.0
a0381,flow_a0381,open_a0381,2.0
a0382,flow_a0382,open_a0382,2.0
a0383,flow_a0383,open_a0383,10.0
a0384,flow_a0384,open_a0384,10.0
a0385,flow_a0385,open_a0385,6.0
a0386,flow_a0386,open_a0386,6.0
a0387,flow_a0387,open_a0387,1.0
a0388,flow_a0388,open_a0388,1.0
a0389,flow_a0389,open_a0389,1.0
a0390,flow_a0390,open_a0390,1.0
a0391,flow_a0391,open_a0391,6.0
a0392,flow_a0392,open_a0392,6.0
a0393,flow_a0393,open_a0393,6.0
a0394,flow_a0394,open_a0394,6.0
a0395,flow_a0395,open_a0395,2.0
a0396,flow_a0396,open_a0396,2.0
a0397,flow_a0397,open_a0397,10.0
a0398,flow_a0398,open_a0398,10.0
a0399,flow_a0399,open_a0399,10.0
a0400,flow_a0400,open_a0400,10.0
a0401,flow_a0401,open_a0401,3.0
a0402,flow_a0402,open_a0402,3.0
a0403,flow_a0403,open_a0403,8.0
a0404,flow_a0404,open_a0404,8.0
a0405,flow_a0405,open_a0405,8.0
a0406,flow_a0406,open_a0406,8.0
a0407,flow_a0407,open_a0407,7.0
a0408,flow_a0408,open_a0408,7.0
a0409,flow_a0409,open_a0409,5.0
a0410,flow_a0410,open_a0410,5.0
a0411,flow_a0411,open_a0411,6.0
a0412,flow_a0412,open_a0412,6.0
a0413,flow_a0413,open_a0413,2.0
a0414,flow_a0414,open_a0414,2.0
a0415,flow_a0415,open_a0415,7.0
a0416,flow_a0416,open_a0416,7.0
a0417,flow_a0417,open_a0417,3.0
a0418,flow_a0418,open_a0418,3.0
a0419,flow_a0419,open_a0419,6.0
a0420,flow_a0420,open_a0420,6.0
a0421,flow_a0421,open_a0421,1.0
a0422,flow_a0422,open_a0422,1.0
a0423,flow_a0423,open_a0423,5.0
a0424,flow_a0424,open_a0424,5.0
a0425,flow_a0425,open_a0425,6.0
a0426,flow_a0426,open_a0426,6.0
a0427,flow_a0427,open_a0427,2.0
a0428,flow_a0428,open_a0428,2.0
a0429,flow_a0429,open_a0429,1.0
a0430,flow_a0430,open_a0430,1.0
a0431,flow_a0431,open_a0431,5.0
a0432,flow_a0432,open_a0432,5.0
a0433,flow_a0433,open_a0433,5.0
a0434,flow_a0434,open_a0434,5.0
a0435,flow_a0435,open_a0435,4.0
a0436,flow_a0436,open_a0436,4.0
a0437,flow_a0437,open_a0437,8.0
a0438,flow_a0438,open_a0438,8.0
a0439,flow_a0439,open_a0439,4.0
a0440,flow_a0440,open_a0440,4.0
a0441,flow_a0441,open_a0441,8.0
a0442,flow_a0442,open_a0442,8.0
a0443,flow_a0443,open_a0443,8.0
a0444,flow_a0444,open_a0444,8.0
a0445,flow_a0445,open_a0445,9.0
a0446,flow_a0446,open_a0446,9.0
a0447,flow_a0447,open_a0447,3.0
a0448,flow_a0448,open_a0448,3.0
a0449,flow_a0449,open_a0449,10.0
a0450,flow_a0450,open_a0450,10.0
a0451,flow_a0451,open_a0451,7.0
a0452,flow_a0452,open_a0452,7.0
a0453,flow_a0453,open_a0453,2.0
a0454,flow_a0454,open_a0454,2.0
a0455,flow_a0455,open_a0455,5.0
a0456,flow_a0456,open_a0456,5.0
a0457,flow_a0457,open_a0457,1.0
a0458,flow_a0458,open_a0458,1.0
a0459,flow_a0459,open_a0459,10.0
a0460,flow_a0460,open_a0460,10.0
a0461,flow_a0461,open_a0461,4.0
a0462,flow_a0462,open_a0462,4.0
a0463,flow_a0463,open_a0463,9.0
a0464,flow_a0464,open_a0464,9.0
a0465,flow_a0465,open_a0465,10.0
a0466,flow_a0466,open_a0466,10.0
a0467,flow_a0467,open_a0467,1.0
a0468,flow_a0468,open_a0468,1.0
a0469,flow_a0469,open_a0469,6.0
a0470,flow_a0470,open_a0470,6.0
a0471,flow_a0471,open_a0471,6.0
a0472,flow_a0472,open_a0472,6.0
a0473,flow_a0473,open_a0473,6.0
a0474,flow_a0474,open_a0474,6.0
a0475,flow_a0475,open_a0475,1.0
a0476,flow_a0476,open_a0476,1.0
a0477,flow_a0477,open_a0477,1.0
a0478,flow_a0478,open_a0478,1.0
a0479,flow_a0479,open_a0479,3.0
a0480,flow_a0480,open_a0480,3.0
a0481,flow_a0481,open_a0481,8.0
a0482,flow_a0482,open_a0482,8.0
a0483,flow_a0483,open_a0483,10.0
a0484,flow_a0484,open_a0484,10.0
a0485,flow_a0485,open_a0485,7.0
a0486,flow_a0486,open_a0486,7.0
a0487,flow_a0487,open_a0487,3.0
a0488,flow_a0488,open_a0488,3.0
a0489,flow_a0489,open_a0489,3.0
a0490,flow_a0490,open_a0490,3.0
a0491,flow_a0491,open_a0491,1.0
a0492,flow_a0492,open_a0492,1.0
a0493,flow_a0493,open_a0493,8.0
a0494,flow_a0494,open_a0494,8.0
a0495,flow_a0495,open_a0495,2.0
a0496,flow_a0496,open_a0496,2.0
a0497,flow_a0497,open_a0497,3.0
a0498,flow_a0498,open_a0498,3.0
a0499,flow_a0499,open_a0499,5.0
a0500,flow_a0500,open_a0500,5.0
a0501,flow_a0501,open_a0501,7.0
a0502,flow_a0502,open_a0502,7.0
a0503,flow_a0503,open_a0503,9.0
a0504,flow_a0504,open_a0504,9.0
a0505,flow_a0505,open_a0505,8.0
a0506,flow_a0506,open_a0506,8.0
a0507,flow_a0507,open_a0507,6.0
a0508,flow_a0508,open_a0508,6.0
a0509,flow_a0509,open_a0509,9.0
a0510,flow_a0510,open_a0510,9.0
a0511,flow_a0511,open_a0511,2.0
a0512,flow_a0512,open_a0512,2.0
a0513,flow_a0513,open_a0513,4.0
a0514,flow_a0514,open_a0514,4.0
a0515,flow_a0515,open_a0515,5.0
a0516,flow_a0516,open_a0516,5.0
a0517,flow_a0517,open_a0517,10.0
a0518,flow_a0518,open_a0518,10.0
a0519,flow_a0519,open_a0519,4.0
a0520,flow_a0520,open_a0520,4.0
a0521,flow_a0521,open_a0521,8.0
a0522,flow_a0522,open_a0522,8.0
a0523,flow_a0523,open_a0523,10.0
a0524,flow_a0524,open_a0524,10.0
a0525,flow_a0525,open_a0525,3.0
a0526,flow_a0526,open_a0526,3.0
a0527,flow_a0527,open_a0527,9.0
a0528,flow_a0528,open_a0528,9.0
a0529,flow_a0529,open_a0529,4.0
a0530,flow_a0530,open_a0530,4.0
a0531,flow_a0531,open_a0531,4.0
a0532,flow_a0532,open_a0532,4.0
a0533,flow_a0533,open_a0533,4.0
a0534,flow_a0534,open_a0534,4.0
a0535,flow_a0535,open_a0535,1.0
a0536,flow_a0536,open_a0536,1.0
a0537,flow_a0537,open_a0537,1.0
a0538,flow_a0538,open_a0538,1.0
a0539,flow_a0539,open_a0539,2.0
a0540,flow_a0540,open_a0540,2.0
a0541,flow_a0541,open_a0541,6.0
a0542,flow_a0542,open_a0542,6.0
a0543,flow_a0543,open_a0543,4.0
a0544,flow_a0544,open_a0544,4.0
a0545,flow_a0545,open_a0545,3.0
a0546,flow_a0546,open_a0546,3.0
a0547,flow_a0547,open_a0547,8.0
a0548,flow_a0548,open_a0548,8.0
a0549,flow_a0549,open_a0549,6.0
a0550,flow_a0550,open_a0550,6.0
a0551,flow_a0551,open_a0551,7.0
a0552,flow_a0552,open_a0552,7.0
a0553,flow_a0553,open_a0553,6.0
a0554,flow_a0554,open_a0554,6.0
a0555,flow_a0555,open_a0555,5.0
a0556,flow_a0556,open_a0556,5.0
a0557,flow_a0557,open_a0557,1.0
a0558,flow_a0558,open_a0558,1.0
a0559,flow_a0559,open_a0559,8.0
a0560,flow_a0560,open_a0560,8.0
a0561,flow_a0561,open_a0561,9.0
a0562,flow_a0562,open_a0562,9.0
a0563,flow_a0563,open_a0563,6.0
a0564,flow_a0564,open_a0564,6.0
a0565,flow_a0565,open_a0565,7.0
a0566,flow_a0566,open_a0566,7.0
a0567,flow_a0567,open_a0567,4.0
a0568,flow_a0568,open_a0568,4.0
a0569,flow_a0569,open_a0569,5.0
a0570,flow_a0570,open_a0570,5.0
a0571,flow_a0571,open_a0571,3.0
a0572,flow_a0572,open_a0572,3.0
a0573,flow_a0573,open_a0573,9.0
a0574,flow_a0574,open_a0574,9.0
a0575,flow_a0575,open_a0575,4.0
a0576,flow_a0576,open_a0576,4.0
a0577,flow_a0577,open_a0577,7.0
a0578,flow_a0578,open_a0578,7.0
a0579,flow_a0579,open_a0579,4.0
a0580,flow_a0580,open_a0580,4.0
a0581,flow_a0581,open_a0581,7.0
a0582,flow_a0582,open_a0582,7.0
a0583,flow_a0583,open_a0583,7.0
a0584,flow_a0584,open_a0584,7.0
a0585,flow_a0585,open_a0585,10.0
a0586,flow_a0586,open_a0586,10.0
a0587,flow_a0587,open_a0587,9.0
a0588,flow_a0588,open_a0588,9.0
a0589,flow_a0589,open_a0589,4.0
a0590,flow_a0590,open_a0590,4.0
a0591,flow_a0591,open_a0591,6.0
a0592,flow_a0592,open_a0592,6.0
a0593,flow_a0593,open_a0593,5.0
a0594,flow_a0594,open_a0594,5.0
a0595,flow_a0595,open_a0595,8.0
a0596,flow_a0596,open_a0596,8.0
a0597,flow_a0597,open_a0597,9.0
a0598,flow_a0598,open_a0598,9.0
a0599,flow_a0599,open_a0599,2.0
a0600,flow_a0600,open_a0600,2.0
a0601,flow_a0601,open_a0601,5.0
a0602,flow_a0602,open_a0602,5.0
a0603,flow_a0603,open_a0603,1.0
a0604,flow_a0604,open_a0604,1.0
a0605,flow_a0605,open_a0605,5.0
a0606,flow_a0606,open_a0606,5.0
a0607,flow_a0607,open_a0607,8.0
a0608,flow_a0608,open_a0608,8.0
a0609,flow_a0609,open_a0609,2.0
a0610,flow_a0610,open_a0610,2.0
a0611,flow_a0611,open_a0611,10.0
a0612,flow_a0612,open_a0612,10.0
a0613,flow_a0613,open_a0613,9.0
a0614,flow_a0614,open_a0614,9.0
a0615,flow_a0615,open_a0615,8.0
a0616,flow_a0616,open_a0616,8.0
a0617,flow_a0617,open_a0617,9.0
a0618,flow_a0618,open_a0618,9.0
a0619,flow_a0619,open_a0619,9.0
a0620,flow_a0620,open_a0620,9.0
a0621,flow_a0621,open_a0621,5.0
a0622,flow_a0622,open_a0622,5.0
a0623,flow_a0623,open_a0623,9.0
a0624,flow_a0624,open_a0624,9.0
a0625,flow_a0625,open_a0625,2.0
a0626,flow_a0626,open_a0626,2.0
a0627,flow_a0627,open_a0627,8.0
a0628,flow_a0628,open_a0628,8.0
a0629,flow_a0629,open_a0629,5.0
a0630,flow_a0630,open_a0630,5.0
a0631,flow_a0631,open_a0631,7.0
a0632,flow_a0632,open_a0632,7.0
a0633,flow_a0633,open_a0633,9.0
a0634,flow_a0634,open_a0634,9.0
a0635,flow_a0635,open_a0635,2.0
a0636,flow_a0636,open_a0636,2.0
a0637,flow_a0637,open_a0637,4.0
a0638,flow_a0638,open_a0638,4.0
a0639,flow_a0639,open_a0639,1.0
a0640,flow_a0640,open_a0640,1.0
a0641,flow_a0641,open_a0641,1.0
a0642,flow_a0642,open_a0642,1.0
a0643,flow_a0643,open_a0643,7.0
a0644,flow_a0644,open_a0644,7.0
a0645,flow_a0645,open_a0645,7.0
a0646,flow_a0646,open_a0646,7.0
a0647,flow_a0647,open_a0647,4.0
a0648,flow_a0648,open_a0648,4.0
a0649,flow_a0649,open_a0649,9.0
a0650,flow_a0650,open_a0650,9.0
a0651,flow_a0651,open_a0651,10.0
a0652,flow_a0652,open_a0652,10.0
a0653,flow_a0653,open_a0653,6.0
a0654,flow_a0654,open_a0654,6.0
a0655,flow_a0655,open_a0655,5.0
a0656,flow_a0656,open_a0656,5.0
a0657,flow_a0657,open_a0657,2.0
a0658,flow_a0658,open_a0658,2.0
a0659,flow_a0659,open_a0659,1.0
a0660,flow_a0660,open_a0660,1.0
a0661,flow_a0661,open_a0661,10.0
a0662,flow_a0662,open_a0662,10.0
a0663,flow_a0663,open_a0663,8.0
a0664,flow_a0664,open_a0664,8.0
a0665,flow_a0665,open_a0665,5.0
a0666,flow_a0666,open_a0666,5.0
a0667,flow_a0667,open_a0667,8.0
a0668,flow_a0668,open_a0668,8.0
a0669,flow_a0669,open_a0669,3.0
a0670,flow_a0670,open_a0670,3.0
a0671,flow_a0671,open_a0671,6.0
a0672,flow_a0672,open_a0672,6.0
a0673,flow_a0673,open_a0673,8.0
a0674,flow_a0674,open_a0674,8.0
a0675,flow_a0675,open_a0675,8.0
a0676,flow_a0676,open_a0676,8.0
a0677,flow_a0677,open_a0677,1.0
a0678,flow_a0678,open_a0678,1.0
a0679,flow_a0679,open_a0679,6.0
a0680,flow_a0680,open_a0680,6.0
a0681,flow_a0681,open_a0681,9.0
a0682,flow_a0682,open_a0682,9.0
a0683,flow_a0683,open_a0683,7.0
a0684,flow_a0684,open_a0684,7.0
a0685,flow_a0685,open_a0685,1.0
a0686,flow_a0686,open_a0686,1.0
a0687,flow_a0687,open_a0687,2.0
a0688,flow_a0688,open_a0688,2.0
a0689,flow_a0689,open_a0689,6.0
a0690,flow_a0690,open_a0690,6.0
a0691,flow_a0691,open_a0691,2.0
a0692,flow_a0692,open_a0692,2.0
a0693,flow_a0693,open_a0693,2.0
a0694,flow_a0694,open_a0694,2.0
a0695,flow_a0695,open_a0695,7.0
a0696,flow_a0696,open_a0696,7.0
a0697,flow_a0697,open_a0697,7.0
a0698,flow_a0698,open_a0698,7.0
a0699,flow_a0699,open_a0699,3.0
a0700,flow_a0700,open_a0700,3.0
a0701,flow_a0701,open_a0701,1.0
a0702,flow_a0702,open_a0702,1.0
a0703,flow_a0703,open_a0703,1.0
a0704,flow_a0704,open_a0704,1.0
a0705,flow_a0705,open_a0705,4.0
a0706,flow_a0706,open_a0706,4.0
a0707,flow_a0707,open_a0707,10.0
a0708,flow_a0708,open_a0708,10.0
a0709,flow_a0709,open_a0709,10.0
a0710,flow_a0710,open_a0710,10.0
a0711,flow_a0711,open_a0711,10.0
a0712,flow_a0712,open_a0712,10.0
a0713,flow_a0713,open_a0713,2.0
a0714,flow_a0714,open_a0714,2.0
a0715,flow_a0715,open_a0715,10.0
a0716,flow_a0716,open_a0716,10.0
a0717,flow_a0717,open_a0717,10.0
a0718,flow_a0718,open_a0718,10.0
a0719,flow_a0719,open_a0719,4.0
a0720,flow_a0720,open_a0720,4.0
a0721,flow_a0721,open_a0721,1.0
a0722,flow_a0722,open_a0722,1.0
a0723,flow_a0723,open_a0723,7.0
a0724,flow_a0724,open_a0724,7.0
a0725,flow_a0725,open_a0725,9.0
a0726,flow_a0726,open_a0726,9.0
a0727,flow_a0727,open_a0727,9.0
a0728,flow_a0728,open_a0728,9.0
a0729,flow_a0729,open_a0729,3.0
a0730,flow_a0730,open_a0730,3.0
a0731,flow_a0731,open_a0731,7.0
a0732,flow_a0732,open_a0732,7.0
a0733,flow_a0733,open_a0733,6.0
a0734,flow_a0734,open_a0734,6.0
a0735,flow_a0735,open_a0735,1.0
a0736,flow_a0736,open_a0736,1.0
a0737,flow_a0737,open_a0737,5.0
a0738,flow_a0738,open_a0738,5.0
a0739,flow_a0739,open_a0739,4.0
a0740,flow_a0740,open_a0740,4.0
a0741,flow_a0741,open_a0741,1.0
a0742,flow_a0742,open_a0742,1.0
a0743,flow_a0743,open_a0743,7.0
a0744,flow_a0744,open_a0744,7.0
a0745,flow_a0745,open_a0745,8.0
a0746,flow_a0746,open_a0746,8.0
a0747,flow_a0747,open_a0747,4.0
a0748,flow_a0748,open_a0748,4.0
a0749,flow_a0749,open_a0749,1.0
a0750,flow_a0750,open_a0750,1.0
a0751,flow_a0751,open_a0751,5.0
a0752,flow_a0752,open_a0752,5.0
a0753,flow_a0753,open_a0753,7.0
a0754,flow_a0754,open_a0754,7.0
a0755,flow_a0755,open_a0755,6.0
a0756,flow_a0756,open_a0756,6.0
a0757,flow_a0757,open_a0757,8.0
a0758,flow_a0758,open_a0758,8.0
a0759,flow_a0759,open_a0759,2.0
a0760,flow_a0760,open_a0760,2.0
a0761,flow_a0761,open_a0761,6.0
a0762,flow_a0762,open_a0762,6.0
a0763,flow_a0763,open_a0763,8.0
a0764,flow_a0764,open_a0764,8.0
a0765,flow_a0765,open_a0765,4.0
a0766,flow_a0766,open_a0766,4.0
a0767,flow_a0767,open_a0767,5.0
a0768,flow_a0768,open_a0768,5.0
a0769,flow_a0769,open_a0769,5.0
a0770,flow_a0770,open_a0770,5.0
a0771,flow_a0771,open_a0771,2.0
a0772,flow_a0772,open_a0772,2.0
a0773,flow_a0773,open_a0773,2.0
a0774,flow_a0774,open_a0774,2.0
a0775,flow_a0775,open_a0775,8.0
a0776,flow_a0776,open_a0776,8.0
a0777,flow_a0777,open_a0777,5.0
a0778,flow_a0778,open_a0778,5.0
a0779,flow_a0779,open_a0779,8.0
a0780,flow_a0780,open_a0780,8.0
a0781,flow_a0781,open_a0781,7.0
a0782,flow_a0782,open_a0782,7.0
a0783,flow_a0783,open_a0783,5.0
a0784,flow_a0784,open_a0784,5.0
a0785,flow_a0785,open_a0785,9.0
a0786,flow_a0786,open_a0786,9.0
a0787,flow_a0787,open_a0787,6.0
a0788,flow_a0788,open_a0788,6.0
a0789,flow_a0789,open_a0789,2.0
a0790,flow_a0790,open_a0790,2.0
a0791,flow_a0791,open_a0791,9.0
a0792,flow_a0792,open_a0792,9.0
a0793,flow_a0793,open_a0793,3.0
a0794,flow_a0794,open_a0794,3.0
a0795,flow_a0795,open_a0795,2.0
a0796,flow_a0796,open_a0796,2.0
a0797,flow_a0797,open_a0797,10.0
a0798,flow_a0798,open_a0798,10.0
a0799,flow_a0799,open_a0799,7.0
a0800,flow_a0800,open_a0800,7.0
a0801,flow_a0801,open_a0801,6.0
a0802,flow_a0802,open_a0802,6.0
a0803,flow_a0803,open_a0803,1.0
a0804,flow_a0804,open_a0804,1.0
a0805,flow_a0805,open_a0805,3.0
a0806,flow_a0806,open_a0806,3.0
a0807,flow_a0807,open_a0807,10.0
a0808,flow_a0808,open_a0808,10.0
a0809,flow_a0809,open_a0809,7.0
a0810,flow_a0810,open_a0810,7.0
a0811,flow_a0811,open_a0811,3.0
a0812,flow_a0812,open_a0812,3.0
a0813,flow_a0813,open_a0813,1.0
a0814,flow_a0814,open_a0814,1.0
a0815,flow_a0815,open_a0815,3.0
a0816,flow_a0816,open_a0816,3.0
a0817,flow_a0817,open_a0817,8.0
a0818,flow_a0818,open_a0818,8.0
a0819,flow_a0819,open_a0819,1.0
a0820,flow_a0820,open_a0820,1.0
a0821,flow_a0821,open_a0821,4.0
a0822,flow_a0822,open_a0822,4.0
a0823,flow_a0823,open_a0823,1.0
a0824,flow_a0824,open_a0824,1.0
a0825,flow_a0825,open_a0825,2.0
a0826,flow_a0826,open_a0826,2.0
a0827,flow_a0827,open_a0827,2.0
a0828,flow_a0828,open_a0828,2.0
a0829,flow_a0829,open_a0829,10.0
a0830,flow_a0830,open_a0830,10.0
a0831,flow_a0831,open_a0831,2.0
a0832,flow_a0832,open_a0832,2.0
a0833,flow_a0833,open_a0833,10.0
a0834,flow_a0834,open_a0834,10.0
a0835,flow_a0835,open_a0835,7.0
a0836,flow_a0836,open_a0836,7.0
a0837,flow_a0837,open_a0837,3.0
a0838,flow_a0838,open_a0838,3.0
a0839,flow_a0839,open_a0839,9.0
a0840,flow_a0840,open_a0840,9.0
a0841,flow_a0841,open_a0841,3.0
a0842,flow_a0842,open_a0842,3.0
a0843,flow_a0843,open_a0843,6.0
a0844,flow_a0844,open_a0844,6.0
a0845,flow_a0845,open_a0845,1.0
a0846,flow_a0846,open_a0846,1.0
a0847,flow_a0847,open_a0847,5.0
a0848,flow_a0848,open_a0848,5.0
a0849,flow_a0849,open_a0849,5.0
a0850,flow_a0850,open_a0850,5.0
a0851,flow_a0851,open_a0851,7.0
a0852,flow_a0852,open_a0852,7.0
a0853,flow_a0853,open_a0853,8.0
a0854,flow_a0854,open_a0854,8.0
a0855,flow_a0855,open_a0855,8.0
a0856,flow_a0856,open_a0856,8.0
a0857,flow_a0857,open_a0857,5.0
a0858,flow_a0858,open_a0858,5.0
a0859,flow_a0859,open_a0859,2.0
a0860,flow_a0860,open_a0860,2.0
a0861,flow_a0861,open_a0861,1.0
a0862,flow_a0862,open_a0862,1.0
a0863,flow_a0863,open_a0863,6.0
a0864,flow_a0864,open_a0864,6.0
a0865,flow_a0865,open_a0865,5.0
a0866,flow_a0866,open_a0866,5.0
a0867,flow_a0867,open_a0867,7.0
a0868,flow_a0868,open_a0868,7.0
a0869,flow_a0869,open_a0869,8.0
a0870,flow_a0870,open_a0870,8.0
a0871,flow_a0871,open_a0871,6.0
a0872,flow_a0872,open_a0872,6.0
a0873,flow_a0873,open_a0873,3.0
a0874,flow_a0874,open_a0874,3.0
a0875,flow_a0875,open_a0875,7.0
a0876,flow_a0876,open_a0876,7.0
a0877,flow_a0877,open_a0877,2.0
a0878,flow_a0878,open_a0878,2.0
a0879,flow_a0879,open_a0879,9.0
a0880,flow_a0880,open_a0880,9.0
a0881,flow_a0881,open_a0881,6.0
a0882,flow_a0882,open_a0882,6.0
a0883,flow_a0883,open_a0883,2.0
a0884,flow_a0884,open_a0884,2.0
a0885,flow_a0885,open_a0885,6.0
a0886,flow_a0886,open_a0886,6.0
a0887,flow_a0887,open_a0887,8.0
a0888,flow_a0888,open_a0888,8.0
a0889,flow_a0889,open_a0889,10.0
a0890,flow_a0890,open_a0890,10.0
a0891,flow_a0891,open_a0891,10.0
a0892,flow_a0892,open_a0892,10.0
a0893,flow_a0893,open_a0893,7.0
a0894,flow_a0894,open_a0894,7.0
a0895,flow_a0895,open_a0895,3.0
a0896,flow_a0896,open_a0896,3.0
a0897,flow_a0897,open_a0897,8.0
a0898,flow_a0898,open_a0898,8.0
a0899,flow_a0899,open_a0899,4.0
a0900,flow_a0900,open_a0900,4.0
a0901,flow_a0901,open_a0901,2.0
a0902,flow_a0902,open_a0902,2.0
a0903,flow_a0903,open_a0903,4.0
a0904,flow_a0904,open_a0904,4.0
a0905,flow_a0905,open_a0905,9.0
a0906,flow_a0906,open_a0906,9.0
a0907,flow_a0907,open_a0907,6.0
a0908,flow_a0908,open_a0908,6.0
a0909,flow_a0909,open_a0909,6.0
a0910,flow_a0910,open_a0910,6.0
a0911,flow_a0911,open_a0911,9.0
a0912,flow_a0912,open_a0912,9.0
a0913,flow_a0913,open_a0913,2.0
a0914,flow_a0914,open_a0914,2.0
a0915,flow_a0915,open_a0915,5.0
a0916,flow_a0916,open_a0916,5.0
a0917,flow_a0917,open_a0917,1.0
a0918,flow_a0918,open_a0918,1.0
a0919,flow_a0919,open_a0919,6.0
a0920,flow_a0920,open_a0920,6.0
a0921,flow_a0921,open_a0921,9.0
a0922,flow_a0922,open_a0922,9.0
a0923,flow_a0923,open_a0923,7.0
a0924,flow_a0924,open_a0924,7.0
a0925,flow_a0925,open_a0925,5.0
a0926,flow_a0926,open_a0926,5.0
a0927,flow_a0927,open_a0927,7.0
a0928,flow_a0928,open_a0928,7.0
a0929,flow_a0929,open_a0929,4.0
a0930,flow_a0930,open_a0930,4.0
a0931,flow_a0931,open_a0931,8.0
a0932,flow_a0932,open_a0932,8.0
a0933,flow_a0933,open_a0933,7.0
a0934,flow_a0934,open_a0934,7.0
a0935,flow_a0935,open_a0935,8.0
a0936,flow_a0936,open_a0936,8.0
a0937,flow_a0937,open_a0937,6.0
a0938,flow_a0938,open_a0938,6.0
a0939,flow_a0939,open_a0939,3.0
a0940,flow_a0940,open_a0940,3.0
a0941,flow_a0941,open_a0941,1.0
a0942,flow_a0942,open_a0942,1.0
a0943,flow_a0943,open_a0943,6.0
a0944,flow_a0944,open_a0944,6.0
a0945,flow_a0945,open_a0945,7.0
a0946,flow_a0946,open_a0946,7.0
a0947,flow_a0947,open_a0947,9.0
a0948,flow_a0948,open_a0948,9.0
a0949,flow_a0949,open_a0949,2.0
a0950,flow_a0950,open_a0950,2.0
a0951,flow_a0951,open_a0951,1.0
a0952,flow_a0952,open_a0952,1.0
a0953,flow_a0953,open_a0953,6.0
a0954,flow_a0954,open_a0954,6.0
a0955,flow_a0955,open_a0955,9.0
a0956,flow_a0956,open_a0956,9.0
a0957,flow_a0957,open_a0957,2.0
a0958,flow_a0958,open_a0958,2.0
a0959,flow_a0959,open_a0959,5.0
a0960,flow_a0960,open_a0960,5.0
a0961,flow_a0961,open_a0961,3.0
a0962,flow_a0962,open_a0962,3.0
a0963,flow_a0963,open_a0963,1.0
a0964,flow_a0964,open_a0964,1.0
a0965,flow_a0965,open_a0965,4.0
a0966,flow_a0966,open_a0966,4.0
a0967,flow_a0967,open_a0967,6.0
a0968,flow_a0968,open_a0968,6.0
a0969,flow_a0969,open_a0969,7.0
a0970,flow_a0970,open_a0970,7.0
a0971,flow_a0971,open_a0971,8.0
a0972,flow_a0972,open_a0972,8.0
a0973,flow_a0973,open_a0973,4.0
a0974,flow_a0974,open_a0974,4.0
a0975,flow_a0975,open_a0975,1.0
a0976,flow_a0976,open_a0976,1.0
a0977,flow_a0977,open_a0977,5.0
a0978,flow_a0978,open_a0978,5.0
a0979,flow_a0979,open_a0979,8.0
a0980,flow_a0980,open_a0980,8.0
a0981,flow_a0981,open_a0981,8.0
a0982,flow_a0982,open_a0982,8.0
a0983,flow_a0983,open_a0983,10.0
a0984,flow_a0984,open_a0984,10.0
a0985,flow_a0985,open_a0985,3.0
a0986,flow_a0986,open_a0986,3.0
a0987,flow_a0987,open_a0987,7.0
a0988,flow_a0988,open_a0988,7.0
a0989,flow_a0989,open_a0989,1.0
a0990,flow_a0990,open_a0990,1.0
a0991,flow_a0991,open_a0991,8.0
a0992,flow_a0992,open_a0992,8.0
a0993,flow_a0993,open_a0993,1.0
a0994,flow_a0994,open_a0994,1.0
a0995,flow_a0995,open_a0995,7.0
a0996,flow_a0996,open_a0996,7.0
a0997,flow_a0997,open_a0997,1.0
a0998,flow_a0998,open_a0998,1.0
a0999,flow_a0999,open_a0999,9.0
a1000,flow_a1000,open_a1000,9.0
a1001,flow_a1001,open_a1001,9.0
a1002,flow_a1002,open_a1002,9.0
a1003,flow_a1003,open_a1003,5.0
a1004,flow_a1004,open_a1004,5.0
a1005,flow_a1005,open_a1005,7.0
a1006,flow_a1006,open_a1006,7.0
a1007,flow_a1007,open_a1007,8.0
a1008,flow_a1008,open_a1008,8.0
a1009,flow_a1009,open_a1009,5.0
a1010,flow_a1010,open_a1010,5.0
a1011,flow_a1011,open_a1011,1.0
a1012,flow_a1012,open_a1012,1.0
a1013,flow_a1013,open_a1013,7.0
a1014,flow_a1014,open_a1014,7.0
a1015,flow_a1015,open_a1015,8.0
a1016,flow_a1016,open_a1016,8.0
a1017,flow_a1017,open_a1017,3.0
a1018,flow_a1018,open_a1018,3.0
a1019,flow_a1019,open_a1019,2.0
a1020,flow_a1020,open_a1020,2.0
a1021,flow_a1021,open_a1021,2.0
a1022,flow_a1022,open_a1022,2.0
a1023,flow_a1023,open_a1023,9.0
a1024,flow_a1024,open_a1024,9.0
a1025,flow_a1025,open_a1025,1.0
a1026,flow_a1026,open_a1026,1.0
a1027,flow_a1027,open_a1027,3.0
a1028,flow_a1028,open_a1028,3.0
a1029,flow_a1029,open_a1029,9.0
a1030,flow_a1030,open_a1030,9.0
a1031,flow_a1031,open_a1031,6.0
a1032,flow_a1032,open_a1032,6.0
a1033,flow_a1033,open_a1033,3.0
a1034,flow_a1034,open_a1034,3.0
a1035,flow_a1035,open_a1035,3.0
a1036,flow_a1036,open_a1036,3.0
a1037,flow_a1037,open_a1037,5.0
a1038,flow_a1038,open_a1038,5.0
a1039,flow_a1039,open_a1039,9.0
a1040,flow_a1040,open_a1040,9.0
a1041,flow_a1041,open_a1041,3.0
a1042,flow_a1042,open_a1042,3.0
a1043,flow_a1043,open_a1043,9.0
a1044,flow_a1044,open_a1044,9.0
a1045,flow_a1045,open_a1045,3.0
a1046,flow_a1046,open_a1046,3.0
a1047,flow_a1047,open_a1047,2.0
a1048,flow_a1048,open_a1048,2.0
a1049,flow_a1049,open_a1049,6.0
a1050,flow_a1050,open_a1050,6.0
a1051,flow_a1051,open_a1051,4.0
a1052,flow_a1052,open_a1052,4.0
a1053,flow_a1053,open_a1053,2.0
a1054,flow_a1054,open_a1054,2.0
a1055,flow_a1055,open_a1055,3.0
a1056,flow_a1056,open_a1056,3.0
a1057,flow_a1057,open_a1057,8.0
a1058,flow_a1058,open_a1058,8.0
a1059,flow_a1059,open_a1059,9.0
a1060,flow_a1060,open_a1060,9.0
a1061,flow_a1061,open_a1061,6.0
a1062,flow_a1062,open_a1062,6.0
a1063,flow_a1063,open_a1063,6.0
a1064,flow_a1064,open_a1064,6.0
a1065,flow_a1065,open_a1065,10.0
a1066,flow_a1066,open_a1066,10.0
a1067,flow_a1067,open_a1067,5.0
a1068,flow_a1068,open_a1068,5.0
a1069,flow_a1069,open_a1069,4.0
a1070,flow_a1070,open_a1070,4.0
a1071,flow_a1071,open_a1071,4.0
a1072,flow_a1072,open_a1072,4.0
a1073,flow_a1073,open_a1073,3.0
a1074,flow_a1074,open_a1074,3.0
a1075,flow_a1075,open_a1075,1.0
a1076,flow_a1076,open_a1076,1.0
a1077,flow_a1077,open_a1077,10.0
a1078,flow_a1078,open_a1078,10.0
a1079,flow_a1079,open_a1079,5.0
a1080,flow_a1080,open_a1080,5.0
a1081,flow_a1081,open_a1081,7.0
a1082,flow_a1082,open_a1082,7.0
a1083,flow_a1083,open_a1083,5.0
a1084,flow_a1084,open_a1084,5.0
a1085,flow_a1085,open_a1085,2.0
a1086,flow_a1086,open_a1086,2.0
a1087,flow_a1087,open_a1087,7.0
a1088,flow_a1088,open_a1088,7.0
a1089,flow_a1089,open_a1089,7.0
a1090,flow_a1090,open_a1090,7.0
a1091,flow_a1091,open_a1091,6.0
a1092,flow_a1092,open_a1092,6.0
a1093,flow_a1093,open_a1093,6.0
a1094,flow_a1094,open_a1094,6.0
a1095,flow_a1095,open_a1095,6.0
a1096,flow_a1096,open_a1096,6.0
a1097,flow_a1097,open_a1097,5.0
a1098,flow_a1098,open_a1098,5.0
a1099,flow_a1099,open_a1099,4.0
a1100,flow_a1100,open_a1100,4.0
a1101,flow_a1101,open_a1101,9.0
a1102,flow_a1102,open_a1102,9.0
a1103,flow_a1103,open_a1103,7.0
a1104,flow_a1104,open_a1104,7.0
a1105,flow_a1105,open_a1105,9.0
a1106,flow_a1106,open_a1106,9.0
a1107,flow_a1107,open_a1107,5.0
a1108,flow_a1108,open_a1108,5.0
a1109,flow_a1109,open_a1109,10.0
a1110,flow_a1110,open_a1110,10.0
a1111,flow_a1111,open_a1111,8.0
a1112,flow_a1112,open_a1112,8.0
a1113,flow_a1113,open_a1113,9.0
a1114,flow_a1114,open_a1114,9.0
a1115,flow_a1115,open_a1115,9.0
a1116,flow_a1116,open_a1116,9.0
a1117,flow_a1117,open_a1117,2.0
a1118,flow_a1118,open_a1118,2.0
a1119,flow_a1119,open_a1119,3.0
a1120,flow_a1120,open_a1120,3.0
a1121,flow_a1121,open_a1121,10.0
a1122,flow_a1122,open_a1122,10.0
a1123,flow_a1123,open_a1123,9.0
a1124,flow_a1124,open_a1124,9.0
a1125,flow_a1125,open_a1125,10.0
a1126,flow_a1126,open_a1126,10.0
a1127,flow_a1127,open_a1127,8.0
a1128,flow_a1128,open_a1128,8.0
a1129,flow_a1129,open_a1129,3.0
a1130,flow_a1130,open_a1130,3.0
a1131,flow_a1131,open_a1131,1.0
a1132,flow_a1132,open_a1132,1.0
a1133,flow_a1133,open_a1133,2.0
a1134,flow_a1134,open_a1134,2.0
a1135,flow_a1135,open_a1135,8.0
a1136,flow_a1136,open_a1136,8.0
a1137,flow_a1137,open_a1137,8.0
a1138,flow_a1138,open_a1138,8.0
a1139,flow_a1139,open_a1139,5.0
a1140,flow_a1140,open_a1140,5.0
a1141,flow_a1141,open_a1141,6.0
a1142,flow_a1142,open_a1142,6.0
a1143,flow_a1143,open_a1143,9.0
a1144,flow_a1144,open_a1144,9.0
a1145,flow_a1145,open_a1145,2.0
a1146,flow_a1146,open_a1146,2.0
a1147,flow_a1147,open_a1147,3.0
a1148,flow_a1148,open_a1148,3.0
a1149,flow_a1149,open_a1149,8.0
a1150,flow_a1150,open_a1150,8.0
a1151,flow_a1151,open_a1151,1.0
a1152,flow_a1152,open_a1152,1.0
a1153,flow_a1153,open_a1153,8.0
a1154,flow_a1154,open_a1154,8.0
a1155,flow_a1155,open_a1155,7.0
a1156,flow_a1156,open_a1156,7.0
a1157,flow_a1157,open_a1157,6.0
a1158,flow_a1158,open_a1158,6.0
a1159,flow_a1159,open_a1159,3.0
a1160,flow_a1160,open_a1160,3.0
a1161,flow_a1161,open_a1161,1.0
a1162,flow_a1162,open_a1162,1.0
a1163,flow_a1163,open_a1163,9.0
a1164,flow_a1164,open_a1164,9.0
a1165,flow_a1165,open_a1165,10.0
a1166,flow_a1166,open_a1166,10.0
a1167,flow_a1167,open_a1167,5.0
a1168,flow_a1168,open_a1168,5.0
a1169,flow_a1169,open_a1169,10.0
a1170,flow_a1170,open_a1170,10.0
a1171,flow_a1171,open_a1171,2.0
a1172,flow_a1172,open_a1172,2.0
a1173,flow_a1173,open_a1173,5.0
a1174,flow_a1174,open_a1174,5.0
a1175,flow_a1175,open_a1175,7.0
a1176,flow_a1176,open_a1176,7.0
a1177,flow_a1177,open_a1177,3.0
a1178,flow_a1178,open_a1178,3.0
a1179,flow_a1179,open_a1179,7.0
a1180,flow_a1180,open_a1180,7.0
a1181,flow_a1181,open_a1181,1.0
a1182,flow_a1182,open_a1182,1.0
a1183,flow_a1183,open_a1183,7.0
a1184,flow_a1184,open_a1184,7.0
a1185,flow_a1185,open_a1185,4.0
a1186,flow_a1186,open_a1186,4.0
a1187,flow_a1187,open_a1187,2.0
a1188,flow_a1188,open_a1188,2.0
a1189,flow_a1189,open_a1189,1.0
a1190,flow_a1190,open_a1190,1.0
a1191,flow_a1191,open_a1191,3.0
a1192,flow_a1192,open_a1192,3.0
a1193,flow_a1193,open_a1193,6.0
a1194,flow_a1194,open_a1194,6.0
a1195,flow_a1195,open_a1195,1.0
a1196,flow_a1196,open_a1196,1.0
a1197,flow_a1197,open_a1197,7.0
a1198,flow_a1198,open_a1198,7.0
a1199,flow_a1199,open_a1199,9.0
a1200,flow_a1200,open_a1200,9.0
a1201,flow_a1201,open_a1201,6.0
a1202,flow_a1202,open_a1202,6.0
a1203,flow_a1203,open_a1203,10.0
a1204,flow_a1204,open_a1204,10.0
a1205,flow_a1205,open_a1205,9.0
a1206,flow_a1206,open_a1206,9.0
a1207,flow_a1207,open_a1207,5.0
a1208,flow_a1208,open_a1208,5.0
a1209,flow_a1209,open_a1209,5.0
a1210,flow_a1210,open_a1210,5.0
a1211,flow_a1211,open_a1211,2.0
a1212,flow_a1212,open_a1212,2.0
a1213,flow_a1213,open_a1213,10.0
a1214,flow_a1214,open_a1214,10.0
a1215,flow_a1215,open_a1215,4.0
a1216,flow_a1216,open_a1216,4.0
a1217,flow_a1217,open_a1217,8.0
a1218,flow_a1218,open_a1218,8.0
a1219,flow_a1219,open_a1219,5.0
a1220,flow_a1220,open_a1220,5.0
a1221,flow_a1221,open_a1221,10.0
a1222,flow_a1222,open_a1222,10.0
a1223,flow_a1223,open_a1223,1.0
a1224,flow_a1224,open_a1224,1.0
a1225,flow_a1225,open_a1225,5.0
a1226,flow_a1226,open_a1226,5.0
a1227,flow_a1227,open_a1227,5.0
a1228,flow_a1228,open_a1228,5.0
a1229,flow_a1229,open_a1229,5.0
a1230,flow_a1230,open_a1230,5.0
a1231,flow_a1231,open_a1231,2.0
a1232,flow_a1232,open_a1232,2.0
a1233,flow_a1233,open_a1233,9.0
a1234,flow_a1234,open_a1234,9.0
a1235,flow_a1235,open_a1235,5.0
a1236,flow_a1236,open_a1236,5.0
a1237,flow_a1237,open_a1237,3.0
a1238,flow_a1238,open_a1238,3.0
a1239,flow_a1239,open_a1239,8.0
a1240,flow_a1240,open_a1240,8.0
a1241,flow_a1241,open_a1241,9.0
a1242,flow_a1242,open_a1242,9.0
a1243,flow_a1243,open_a1243,7.0
a1244,flow_a1244,open_a1244,7.0
a1245,flow_a1245,open_a1245,9.0
a1246,flow_a1246,open_a1246,9.0
a1247,flow_a1247,open_a1247,9.0
a1248,flow_a1248,open_a1248,9.0
a1249,flow_a1249,open_a1249,4.0
a1250,flow_a1250,open_a1250,4.0
